BaseTile,0,0
BaseTile,0,1
BaseTile,0,2
BaseTile,0,3
BaseTile,0,4
BaseTile,0,5
BaseTile,0,6
BaseTile,0,7
BaseTile,0,8
BaseTile,0,9
BaseTile,0,10
BaseTile,0,11
BaseTile,0,12
BaseTile,0,13
BaseTile,0,14
BaseTile,0,15
BaseTile,0,16
BaseTile,0,17
BaseTile,0,18
BaseTile,0,19
BaseTile,0,20
BaseTile,0,21
BaseTile,0,22
BaseTile,0,23
BaseTile,0,24
BaseTile,1,0
BaseTile,1,1
BaseTile,1,2
BaseTile,1,3
BaseTile,1,4
BaseTile,1,5
BaseTile,1,6
BaseTile,1,7
BaseTile,1,8
BaseTile,1,9
BaseTile,1,10
BaseTile,1,11
BaseTile,1,12
BaseTile,1,13
BaseTile,1,14
BaseTile,1,15
BaseTile,1,16
BaseTile,1,17
BaseTile,1,18
BaseTile,1,19
BaseTile,1,20
BaseTile,1,21
BaseTile,1,22
BaseTile,1,23
BaseTile,1,24
BaseTile,2,0
BaseTile,2,1
BaseTile,2,2
BaseTile,2,3
BaseTile,2,4
BaseTile,2,5
BaseTile,2,6
BaseTile,2,7
BaseTile,2,8
BaseTile,2,9
BaseTile,2,10
BaseTile,2,11
BaseTile,2,12
BaseTile,2,13
BaseTile,2,14
BaseTile,2,15
BaseTile,2,16
BaseTile,2,17
BaseTile,2,18
BaseTile,2,19
BaseTile,2,20
BaseTile,2,21
BaseTile,2,22
BaseTile,2,23
BaseTile,2,24
BaseTile,3,0
BaseTile,3,1
BaseTile,3,2
BaseTile,3,3
BaseTile,3,4
BaseTile,3,5
BaseTile,3,6
BaseTile,3,7
BaseTile,3,8
BaseTile,3,9
BaseTile,3,10
BaseTile,3,11
BaseTile,3,12
BaseTile,3,13
BaseTile,3,14
BaseTile,3,15
BaseTile,3,16
BaseTile,3,17
BaseTile,3,18
BaseTile,3,19
BaseTile,3,20
BaseTile,3,21
BaseTile,3,22
BaseTile,3,23
BaseTile,3,24
BaseTile,4,0
BaseTile,4,1
BaseTile,4,2
BaseTile,4,3
BaseTile,4,4
BaseTile,4,5
BaseTile,4,6
BaseTile,4,7
BaseTile,4,8
BaseTile,4,9
BaseTile,4,10
BaseTile,4,11
BaseTile,4,12
BaseTile,4,13
BaseTile,4,14
BaseTile,4,15
BaseTile,4,16
BaseTile,4,17
BaseTile,4,18
BaseTile,4,19
BaseTile,4,20
BaseTile,4,21
BaseTile,4,22
BaseTile,4,23
BaseTile,4,24
BaseTile,5,0
BaseTile,5,1
BaseTile,5,2
BaseTile,5,3
BaseTile,5,4
BaseTile,5,5
BaseTile,5,6
BaseTile,5,7
BaseTile,5,8
BaseTile,5,9
BaseTile,5,10
BaseTile,5,11
BaseTile,5,12
BaseTile,5,13
BaseTile,5,14
BaseTile,5,15
BaseTile,5,16
BaseTile,5,17
BaseTile,5,18
BaseTile,5,19
BaseTile,5,20
BaseTile,5,21
BaseTile,5,22
BaseTile,5,23
BaseTile,5,24
BaseTile,6,0
BaseTile,6,1
BaseTile,6,2
BaseTile,6,3
BaseTile,6,4
BaseTile,6,5
BaseTile,6,6
BaseTile,6,7
BaseTile,6,8
BaseTile,6,9
BaseTile,6,10
BaseTile,6,11
BaseTile,6,12
BaseTile,6,13
BaseTile,6,14
BaseTile,6,15
BaseTile,6,16
BaseTile,6,17
BaseTile,6,18
BaseTile,6,19
BaseTile,6,20
BaseTile,6,21
BaseTile,6,22
BaseTile,6,23
BaseTile,6,24
BaseTile,7,0
BaseTile,7,1
BaseTile,7,2
BaseTile,7,3
BaseTile,7,4
BaseTile,7,5
BaseTile,7,6
BaseTile,7,7
BaseTile,7,8
BaseTile,7,9
BaseTile,7,10
BaseTile,7,11
BaseTile,7,12
BaseTile,7,13
BaseTile,7,14
BaseTile,7,15
BaseTile,7,16
BaseTile,7,17
BaseTile,7,18
BaseTile,7,19
BaseTile,7,20
BaseTile,7,21
BaseTile,7,22
BaseTile,7,23
BaseTile,7,24
BaseTile,8,0
BaseTile,8,1
BaseTile,8,2
BaseTile,8,3
BaseTile,8,4
BaseTile,8,5
BaseTile,8,6
BaseTile,8,7
BaseTile,8,8
BaseTile,8,9
BaseTile,8,10
BaseTile,8,11
BaseTile,8,12
BaseTileWall,8,13
BaseTileWall,8,14
BaseTileWall,8,15
BaseTile,8,16
BaseTile,8,17
BaseTile,8,18
BaseTile,8,19
BaseTile,8,20
BaseTile,8,21
BaseTile,8,22
BaseTile,8,23
BaseTile,8,24
BaseTile,9,0
BaseTileWall,9,1
BaseTileWall,9,2
BaseTileWall,9,3
BaseTileWall,9,4
BaseTileWall,9,5
BaseTile,9,6
BaseTile,9,7
BaseTile,9,8
BaseTile,9,9
BaseTile,9,10
BaseTileWall,9,11
BaseTileWall,9,12
BaseTile,9,13
BaseTile,9,14
BaseTile,9,15
BaseTileWall,9,16
BaseTileWall,9,17
BaseTile,9,18
BaseTile,9,19
BaseTile,9,20
BaseTile,9,21
BaseTile,9,22
BaseTile,9,23
BaseTile,9,24
BaseTileWall,10,0
BaseTile,10,1
BaseTile,10,2
BaseTile,10,3
BaseTile,10,4
BaseTileWall,10,5
BaseTile,10,6
BaseTileWall,10,7
BaseTile,10,8
BaseTileWall,10,9
BaseTileWall,10,10
BaseTile,10,11
BaseTile,10,12
BaseTile,10,13
BaseTile,10,14
BaseTile,10,15
BaseTile,10,16
BaseTile,10,17
BaseTileWall,10,18
BaseTileWall,10,19
BaseTile,10,20
BaseTile,10,21
BaseTile,10,22
BaseTile,10,23
BaseTile,10,24
BaseTileWall,11,0
BaseTile,11,1
BaseTile,11,2
BaseTile,11,3
BaseTile,11,4
BaseTile,11,5
BaseTileWall,11,6
BaseTile,11,7
BaseTileWall,11,8
BaseTile,11,9
BaseTile,11,10
BaseTile,11,11
BaseTile,11,12
BaseTile,11,13
BaseTile,11,14
BaseTile,11,15
BaseTile,11,16
BaseTile,11,17
BaseTile,11,18
BaseTileWall,11,19
BaseTile,11,20
BaseTile,11,21
BaseTile,11,22
BaseTile,11,23
BaseTile,11,24
BaseTileWall,12,0
BaseTile,12,1
BaseTile,12,2
BaseTile,12,3
BaseTile,12,4
BaseTile,12,5
BaseTile,12,6
BaseTile,12,7
BaseTile,12,8
BaseTile,12,9
BaseTile,12,10
BaseTile,12,11
BaseTile,12,12
BaseTile,12,13
BaseTile,12,14
BaseTile,12,15
BaseTile,12,16
BaseTile,12,17
BaseTile,12,18
BaseTileWall,12,19
BaseTile,12,20
BaseTile,12,21
BaseTile,12,22
BaseTile,12,23
BaseTile,12,24
BaseTileWall,13,0
BaseTile,13,1
BaseTile,13,2
BaseTile,13,3
BaseTile,13,4
BaseTileWall,13,5
BaseTileWall,13,6
BaseTileWall,13,7
BaseTileWall,13,8
BaseTileWall,13,9
BaseTile,13,10
BaseTile,13,11
BaseTile,13,12
BaseTile,13,13
BaseTile,13,14
BaseTile,13,15
BaseTile,13,16
BaseTile,13,17
BaseTile,13,18
BaseTileWall,13,19
BaseTile,13,20
BaseTile,13,21
BaseTile,13,22
BaseTile,13,23
BaseTile,13,24
BaseTileWall,14,0
BaseTileWall,14,1
BaseTile,14,2
BaseTileWall,14,3
BaseTile,14,4
BaseTileWall,14,5
BaseTile,14,6
BaseTile,14,7
BaseTile,14,8
BaseTileWall,14,9
BaseTile,14,10
BaseTile,14,11
BaseTile,14,12
BaseTile,14,13
BaseTile,14,14
BaseTile,14,15
BaseTile,14,16
BaseTileWall,14,17
BaseTileWall,14,18
BaseTile,14,19
BaseTile,14,20
BaseTile,14,21
BaseTile,14,22
BaseTile,14,23
BaseTile,14,24
BaseTile,15,0
BaseTile,15,1
BaseTileWall,15,2
BaseTile,15,3
BaseTileWall,15,4
BaseTile,15,5
BaseTile,15,6
BaseTile,15,7
BaseTile,15,8
BaseTileWall,15,9
BaseTile,15,10
BaseTileWall,15,11
BaseTileWall,15,12
BaseTileWall,15,13
BaseTile,15,14
BaseTileWall,15,15
BaseTileWall,15,16
BaseTile,15,17
BaseTile,15,18
BaseTile,15,19
BaseTile,15,20
BaseTile,15,21
BaseTile,15,22
BaseTile,15,23
BaseTile,15,24
BaseTile,16,0
BaseTile,16,1
BaseTile,16,2
BaseTile,16,3
BaseTile,16,4
BaseTile,16,5
BaseTile,16,6
BaseTile,16,7
BaseTile,16,8
BaseTileWall,16,9
BaseTile,16,10
BaseTileWall,16,11
BaseTile,16,12
BaseTile,16,13
BaseTileWall,16,14
BaseTile,16,15
BaseTile,16,16
BaseTile,16,17
BaseTile,16,18
BaseTile,16,19
BaseTile,16,20
BaseTile,16,21
BaseTile,16,22
BaseTile,16,23
BaseTile,16,24
BaseTile,17,0
BaseTile,17,1
BaseTile,17,2
BaseTile,17,3
BaseTile,17,4
BaseTile,17,5
BaseTile,17,6
BaseTile,17,7
BaseTile,17,8
BaseTileWall,17,9
BaseTile,17,10
BaseTileWall,17,11
BaseTile,17,12
BaseTile,17,13
BaseTile,17,14
BaseTile,17,15
BaseTile,17,16
BaseTile,17,17
BaseTile,17,18
BaseTile,17,19
BaseTile,17,20
BaseTile,17,21
BaseTile,17,22
BaseTile,17,23
BaseTile,17,24
BaseTile,18,0
BaseTile,18,1
BaseTile,18,2
BaseTile,18,3
BaseTile,18,4
BaseTile,18,5
BaseTile,18,6
BaseTile,18,7
BaseTile,18,8
BaseTileWall,18,9
BaseTile,18,10
BaseTileWall,18,11
BaseTile,18,12
BaseTile,18,13
BaseTile,18,14
BaseTile,18,15
BaseTile,18,16
BaseTile,18,17
BaseTile,18,18
BaseTile,18,19
BaseTile,18,20
BaseTile,18,21
BaseTile,18,22
BaseTile,18,23
BaseTile,18,24
BaseTile,19,0
BaseTile,19,1
BaseTile,19,2
BaseTile,19,3
BaseTile,19,4
BaseTile,19,5
BaseTile,19,6
BaseTileWall,19,7
BaseTileWall,19,8
BaseTile,19,9
BaseTile,19,10
BaseTile,19,11
BaseTileWall,19,12
BaseTileWall,19,13
BaseTile,19,14
BaseTile,19,15
BaseTile,19,16
BaseTile,19,17
BaseTile,19,18
BaseTile,19,19
BaseTile,19,20
BaseTile,19,21
BaseTile,19,22
BaseTile,19,23
BaseTile,19,24
BaseTile,20,0
BaseTile,20,1
BaseTile,20,2
BaseTile,20,3
BaseTile,20,4
BaseTile,20,5
BaseTileWall,20,6
BaseTile,20,7
BaseTile,20,8
BaseTile,20,9
BaseTile,20,10
BaseTile,20,11
BaseTile,20,12
BaseTile,20,13
BaseTileWall,20,14
BaseTile,20,15
BaseTile,20,16
BaseTile,20,17
BaseTile,20,18
BaseTile,20,19
BaseTile,20,20
BaseTile,20,21
BaseTile,20,22
BaseTile,20,23
BaseTile,20,24
BaseTile,21,0
BaseTile,21,1
BaseTile,21,2
BaseTile,21,3
BaseTile,21,4
BaseTile,21,5
BaseTileWall,21,6
BaseTile,21,7
BaseTile,21,8
BaseTile,21,9
BaseTile,21,10
BaseTile,21,11
BaseTile,21,12
BaseTile,21,13
BaseTileWall,21,14
BaseTile,21,15
BaseTile,21,16
BaseTile,21,17
BaseTile,21,18
BaseTile,21,19
BaseTile,21,20
BaseTile,21,21
BaseTile,21,22
BaseTile,21,23
BaseTile,21,24
BaseTile,22,0
BaseTile,22,1
BaseTile,22,2
BaseTile,22,3
BaseTile,22,4
BaseTile,22,5
BaseTileWall,22,6
BaseTile,22,7
BaseTile,22,8
BaseTile,22,9
BaseTile,22,10
BaseTile,22,11
BaseTile,22,12
BaseTile,22,13
BaseTileWall,22,14
BaseTile,22,15
BaseTile,22,16
BaseTile,22,17
BaseTile,22,18
BaseTile,22,19
BaseTile,22,20
BaseTile,22,21
BaseTile,22,22
BaseTile,22,23
BaseTile,22,24
BaseTile,23,0
BaseTile,23,1
BaseTile,23,2
BaseTile,23,3
BaseTile,23,4
BaseTile,23,5
BaseTileWall,23,6
BaseTileWall,23,7
BaseTile,23,8
BaseTileWall,23,9
BaseTile,23,10
BaseTileWall,23,11
BaseTile,23,12
BaseTileWall,23,13
BaseTileWall,23,14
BaseTile,23,15
BaseTile,23,16
BaseTile,23,17
BaseTile,23,18
BaseTile,23,19
BaseTile,23,20
BaseTile,23,21
BaseTile,23,22
BaseTile,23,23
BaseTile,23,24
BaseTile,24,0
BaseTile,24,1
BaseTile,24,2
BaseTile,24,3
BaseTile,24,4
BaseTile,24,5
BaseTile,24,6
BaseTile,24,7
BaseTileWall,24,8
BaseTile,24,9
BaseTileWall,24,10
BaseTile,24,11
BaseTileWall,24,12
BaseTile,24,13
BaseTile,24,14
BaseTile,24,15
BaseTile,24,16
BaseTile,24,17
BaseTile,24,18
BaseTile,24,19
BaseTile,24,20
BaseTile,24,21
BaseTile,24,22
BaseTile,24,23
BaseTile,24,24
